"SNP","p value","stats"
"rs201602507","0.00909069801592506","0"
"rs202225152","1","0"
"rs61766352","0.000559001255842027","1"
"rs77752170","0.18144920772142","0"
"rs771576628","0.18144920772142","0"
"rs841572","0.000258494591039722","10"
"rs11928797","0.855132140584706","4"
"rs112643876","1","0"
"rs12631156","1","0"
"rs13089332","1","0"
"rs1354034","1","2"
"rs282526","1","0"
"rs282533","1","0"
"rs282537","1","0"
"rs62255981","1","0"
"rs6807338","0.371093369522698","0"
"rs75531148","0.371093369522698","0"
"rs765780516","1","0"
"rs9873754","1","0"
"rs531500623","0.0141474038860215","36"
"rs11717262","0.220971735391012","15"
"rs13314819","1","0"
"rs1282401","1","1"
"rs140489241","1","1"
"rs600099","1","1"
"rs2271494","0.0346105575157073","1"
"rs9827928","0.539763042228676","34"
"rs13082232","0.371093369522698","0"
"rs35389318","0.18144920772142","0"
"rs487267","1","0"
"rs487414","1","0"
"rs530539094","1","0"
"rs148003301","0.371093369522698","0"
"rs563317887","1","0"
"rs61783818","1","0"
"rs146036482","1","0"
"rs181440866","1","0"
"rs75179467","1","1"
"rs6802170","1","0"
"rs114704750","1","0"
"rs12633406","0.371093369522698","0"
"rs190177747","1","0"
"rs140879360","1","0"
"rs150400869","1","0"
"rs190222173","0.371093369522698","0"
"rs191268061","1","0"
"rs573692436","1","0"
"rs79565786","1","0"
"rs112800699","1","0"
"rs114144424","1","0"
"rs114268157","0.18144920772142","0"
"rs114822622","1","0"
"rs116004654","1","0"
"rs116012752","1","0"
"rs11923745","1","0"
"rs142630572","1","0"
"rs200567383","1","0"
"rs28827296","1","0"
"rs371355210","1","0"
"rs3845862","1","0"
"rs4676727","1","0"
"rs534570846","0.371093369522698","0"
"rs561199944","1","0"
"rs56404875","1","0"
"rs565694066","0.371093369522698","0"
"rs774104640","1","0"
"rs9856781","1","0"
"rs61783595","1","0"
"3:122281003_CTCTTTTCTTTTCTTT_C","1","1"
"3:122285218_CT_C","1","1"
"3:122287157_GAAATAAATAAATAAATAAAT_G","1","1"
"3:122287157_GAAATAAATAAAT_G","1","1"
"rs13066825","1","1"
"rs138406025","1","0"
"rs139605365","0.100348246462291","0"
"rs145471935","1","1"
"rs147969266","1","1"
"rs34407651","1","1"
"rs55797836","1","1"
"rs577229267","1","0"
"rs73192132","1","1"
"rs78792560","0.00969395917326431","8"
"rs80286902","2.84750048008196e-05","168"
"rs9289198","1","1"
"rs9289199","1","1"
"rs9811581","1","1"
"rs9874835","1","0"
"3:135971748_TTG_T","1","0"
"rs116443932","1","0"
"rs6796523","1","0"
"rs9826454","0.18144920772142","0"
"3:136319736_TGTTTTGTTTTGTTTG_T","0.0975125381781096","0"
"rs112443777","0.0975125381781096","0"
"rs78569422","0.371093369522698","0"
"rs10049088","1","0"
"rs56406311","1","0"
"rs9817452","1","0"
"3:172310795_TG_T","1","2"
"rs234043","1","3"
"rs234055","1","1"
"rs2070633","1","0"
"rs2070634","1","0"
"rs2518134","1","0"
"rs2518136","1","0"
"rs2593813","0.0047289220599092","7"
"rs4686432","0.100348246462291","0"
"rs4918","0.201242620957724","1"
"rs9824289","1","0"
"rs112072313","1","0"
"rs13322149","1","0"
"rs143764450","1","0"
"rs17374323","1","0"
"rs36038544","0.18144920772142","0"
"rs55958900","1","0"
"rs62292613","1","0"
"rs62294586","0.0590582290905367","0"
"rs62294588","1","0"
"rs73187782","0.371093369522698","0"
"rs139493747","1","0"
"rs61783609","1","0"
"rs111905699","0.371093369522698","0"
"rs11937966","1","0"
"rs13123779","0.371093369522698","0"
"rs140325971","1","0"
"rs141156261","0.371093369522698","0"
"rs149182644","0.422678074170635","1"
"rs2488809","0.789268026134281","2"
"rs2995797","0.422678074170635","1"
"rs368201923","1","0"
"rs531185945","0.371093369522698","0"
"rs58303793","1","0"
"rs73791856","1","0"
"rs76887174","0.371093369522698","0"
"rs79477485","0.100348246462291","0"
"rs10000798","1","0"
"rs10004084","1","0"
"rs11724167","1","0"
"rs11730491","1","0"
"rs73260019","1","0"
"rs77849807","1","0"
"rs28570016","1","1"
"rs372867519","1","1"
"rs6830950","1","1"
"rs7679403","1","1"
"rs7693687","1","1"
"rs59345777","1","1"
"rs7688574","1","1"
"rs10020684","1","1"
"rs10938226","1","1"
"rs112956329","1","1"
"rs114560635","1","1"
"rs11932270","1","1"
"rs11944984","1","1"
"rs141760967","1","1"
"rs278935","1","0"
"rs278942","1","0"
"rs28688479","1","1"
"rs372613376","1","1"
"rs59073212","1","1"
"rs62304569","1","1"
"rs6841258","0.18144920772142","6"
"rs6841429","1","1"
"rs73235647","1","1"
"rs752871903","1","1"
"rs7659046","1","1"
"rs7686845","1","1"
"rs7686873","1","1"
"rs77236363","1","1"
"rs79680466","1","1"
"rs80091588","1","1"
"rs4864709","7.36522443040165e-05","230"
"4:75945702_TCC_TC","1","1"
"rs28461358","1","1"
"rs6824037","1","2"
"rs12411060","0.371093369522698","0"
"rs1229984","0.404456896479104","30"
"4:102321252_AT_A","0.195995118803318","48"
"rs141501067","1","1"
"rs149496329","1","1"
"rs17248480","1","1"
"rs547276725","1","1"
"rs76062146","1","1"
"rs765187003","1","0"
"rs200537727","1","1"
"rs34592089","1","1"
"rs112673097","0.100348246462291","10"
"rs13107325","1","1"
"4:106044102_TTTGC_T","0.18144920772142","6"
"rs4320103","1","1"
"rs6553483","1","1"
"rs745738048","0.371093369522698","3"
"4:177801281_CTCT_C","1","1"
"rs112273742","1","0"
"rs112960795","1","0"
"rs10942734","0.00800430976224058","54"
"rs6894167","0.0213676286940805","113"
"rs10063704","1","0"
"rs1808084","1","0"
"rs2367283","1","0"
"rs114908495","0.371093369522698","3"
"rs12332329","0.371093369522698","3"
"rs147317250","1","0"
"rs147413722","1","0"
"rs184722554","1","1"
"rs35717907","1","0"
"rs3813308","0.00896643797997559","146"
"rs4895369","0.371093369522698","3"
"rs6869512","1","1"
"rs6888745","1","1"
"rs73237289","1","1"
"rs771719715","0.147532419237223","86"
"rs772568709","1","1"
"rs7701967","0.789268026134281","4"
"rs2526303","0.18144920772142","6"
"rs257388","1","1"
"rs139669408","0.371093369522698","0"
"rs10056247","1","1"
"rs2241699","1","1"
"rs34981024","1","1"
"rs35096828","0.201242620957724","1"
"rs4958191","0.105645429201877","1"
"rs11743466","1","0"
"rs11746728","1","0"
"rs12188695","1","0"
"rs12189100","1","0"
"rs12189539","1","0"
"rs13165846","1","0"
"rs1812351","1","0"
"rs6556128","1","0"
"rs7705026","1","0"
"rs7722852","1","0"
"rs10691033","1","0"
"rs12153498","0.00203657240659523","31"
"rs201833911","0.18144920772142","0"
"rs2456180","1","0"
"rs34835721","0.100348246462291","0"
"rs353462","0.18144920772142","0"
"rs113955164","0.000721125567670337","0"
"rs151014368","0.00250684166152825","0"
"rs185028081","0.100348246462291","0"
"rs4236036","1.37456566227659e-06","11"
"rs6912391","0.18144920772142","0"
"rs9461203","0.100348246462291","0"
"rs199751","0.000211134113786418","41"
"rs199752","0.0590582290905367","0"
"rs112174050","0.371093369522698","0"
"rs113487566","0.371093369522698","0"
"rs149567575","0.371093369522698","0"
"rs182780744","1","0"
"rs3176461","0.371093369522698","0"
"rs552823762","0.00165624780383321","0"
"rs11757612","1","0"
"rs186400621","1","0"
"rs34376580","1","0"
"rs3846862","1","0"
"rs5745568","1.67274940020071e-08","18"
"rs71565393","0.105645429201877","1"
"rs75080135","1","0"
"rs142125224","1","0"
"rs145993284","1","0"
"rs16889754","0.674986713970489","8"
"rs577086542","0.105645429201877","1"
"rs6904479","1","0"
"rs7742789","1","0"
"rs114069844","0.787406490666269","9"
"rs116206558","1","1"
"rs112495094","1","1"
"rs4263551","1","1"
"rs6909201","1","1"
"rs9447004","0.422678074170635","1"
"rs140144853","0.422678074170635","1"
"rs55755114","1","1"
"rs72962243","1","1"
"rs9343163","1","1"
"rs368046519","0.100348246462291","10"
"rs116973283","0.207160448911461","4"
"rs118106888","1","1"
"rs77906933","1","1"
"rs9321013","1","1"
"rs9388397","1","1"
"rs9388399","1","1"
"rs9401792","1","1"
"6:134529058_TTTTG_T","1","1"
"rs117423888","0.350290759755577","22"
"rs1335802","1","1"
"rs146733676","1","1"
"rs147905326","1","1"
"rs17053580","1","1"
"rs1743957","1","1"
"rs192075074","1","1"
"rs4895397","1","1"
"rs533270564","1","1"
"rs535581378","1","1"
"rs540401467","1","1"
"rs559468619","1","1"
"rs756271008","1","1"
"rs759871463","1","1"
"rs76017877","1","1"
"rs768830680","1","1"
"rs139797380","0.0293825411093689","8"
"rs145264016","0.201242620957724","1"
"rs117520949","1","1"
"rs12191772","1","1"
"rs142859691","0.62406453246517","22"
"rs200768385","0.371093369522698","0"
"rs62441842","1","1"
"rs62442365","1","1"
"rs72974722","1","1"
"rs10455872","1","0"
"rs142260450","1","0"
"rs148709043","0.422678074170635","1"
"rs201916778","0.789268026134281","2"
"rs551032","0.583882420770365","3"
"rs74617384","1","0"
"rs6974999","1","1"
"rs7811500","1","0"
"rs1497406","0.000111955170488361","57"
"rs36086195","0.0590582290905367","0"
"rs924204","0.0590582290905367","0"
"rs116631899","0.00909069801592506","0"
"rs3857708","1","1"
"rs62439474","1","1"
"rs10270542","0.177529852412153","2"
"rs142905607","0.00108734700464746","17"
"rs558036185","0.177529852412153","2"
"rs7786368","1","1"
"rs848486","1","1"
"rs59124396","1","1"
"rs77897269","1","0"
"7:92258733_AAG_A","0.142213241936393","3"
"rs73232043","1","1"
"rs73232045","1","1"
"rs2283038","0.150055695297694","5"
"rs257380","1","2"
"rs3801964","0.0342879679735918","1"
"rs62483619","1","0"
"rs34372369","0.0445475453966925","13"
"7:150481093_ATCTGTTTGAACTAAT_A","0.0342879679735918","1"
"7:150502468_AT_A","0.18144920772142","0"
"rs113843864","1","0"
"rs114949263","0.371093369522698","0"
"rs115946508","7.6176018475143e-05","52"
"rs2968856","1","0"
"rs2968863","0.0183504901569265","6"
"rs2968864","1","0"
"rs10224002","1","1"
"rs10224210","1","1"
"rs10254101","1","1"
"rs56037571","1","1"
"rs6464165","1","1"
"rs73158188","1","1"
"rs13254386","1","1"
"rs41393948","1","1"
"rs199922514","1","0"
"rs4841132","1","0"
"rs4841133","1","0"
"rs7012637","1","1"
"rs7012814","1","1"
"rs9987289","1","0"
"rs148756772","1","1"
"rs75895430","0.855132140584706","4"
"8:17370130_GT_G","0.789268026134281","2"
"rs1005560","1","1"
"rs2705102","0.422678074170635","1"
"rs2720586","1","1"
"rs1495745","1","2"
"rs1495746","1","1"
"rs1495747","1","0"
"rs1495748","1","0"
"rs2410558","1","0"
"rs4244446","1","0"
"rs4646256","1","0"
"rs4921909","0.371093369522698","0"
"rs117342529","1","0"
"rs11775405","0.371093369522698","0"
"rs117773229","1","0"
"rs117854420","0.0118734386660867","9"
"rs12547987","0.00215698517847256","27"
"rs13254847","0.18144920772142","0"
"rs139235766","0.371093369522698","0"
"rs144872790","1","0"
"rs2309233","1","0"
"rs35551108","0.371093369522698","0"
"rs899425","0.371093369522698","0"
"rs202177319","1","0"
"rs13253010","1","0"
"rs1512270","1","0"
"rs1866342","0.000980044656292801","0"
"rs36104352","0.100348246462291","0"
"rs56014938","1","0"
"rs7006278","1","0"
"rs10100534","0.18144920772142","6"
"rs11786889","1","0"
"rs12675477","0.201242620957724","9"
"rs62507408","1","0"
"rs6991921","1","0"
"rs138404248","1","1"
"rs2331658","0.853923299287067","4"
"rs3073521","1","1"
"rs537064746","1","0"
"rs2132853","0.47524583213918","35"
"rs2226712","1","1"
"rs3133548","3.35713582581992e-07","25"
"rs2343592","1","0"
"rs34826779","1","0"
"rs6993770","1","0"
"8:143873032_CCATT_C","1","0"
"8:143926018_TTAA_T","1","0"
"8:143954650_CT_C","0.371093369522698","0"
"rs113714013","1","0"
"rs11775687","0.371093369522698","0"
"rs118062911","0.00800430976224058","1"
"rs12056803","1","0"
"rs12541752","1","0"
"rs149636637","0.18144920772142","0"
"rs2572918","0.371093369522698","0"
"rs2572924","0.371093369522698","0"
"rs3753124","1","0"
"rs3819497","1","0"
"rs386731085","1","0"
"rs4081945","1","0"
"rs547611947","1","2"
"rs57041928","1","0"
"rs57139055","0.00112918818125951","32"
"rs62513305","0.371093369522698","0"
"rs7833415","0.371093369522698","0"
"rs78999750","1","0"
"9:963418_CT_C","1","0"
"rs10977587","0.371093369522698","0"
"rs117055742","0.422678074170635","1"
"rs2370218","1","0"
"rs279880","0.371093369522698","0"
"rs279896","1","1"
"rs279899","1","0"
"rs4740965","1","0"
"rs7853232","1","0"
"rs7856502","1","0"
"rs113608931","0.41849223344682","4"
"rs296849","0.0934924836898357","19"
"rs41303235","0.401678166469773","6"
"rs11144104","1","1"
"rs11144105","1","1"
"rs12378991","0.197466073358019","1"
"rs148349564","1","1"
"rs10869977","0.018595820599762","22"
"rs4970834","0.106896854804493","6"
"rs552693039","0.00349696785004593","18"
"9:80518848_TAAAAC_T","0.18144920772142","0"
"rs11145613","1","0"
"rs79157562","1","0"
"rs79159206","1","0"
"rs10993067","0.18144920772142","0"
"rs75373744","0.371093369522698","0"
"rs7864156","1","0"
"rs9409525","0.371093369522698","0"
"rs10993381","0.414216178242525","1"
"rs111920328","0.173568166555922","0"
"rs12339541","1","1"
"rs200834132","1","0"
"rs200077633","1","0"
"rs3052092","1","0"
"rs7023719","1","0"
"rs7046845","1","0"
"rs7873567","1","0"
"rs141849938","1","0"
"rs4647404","0.371093369522698","0"
"rs62560524","1","0"
"rs10120644","1","0"
"rs3789253","0.29450739368011","16"
"rs518636","1","0"
"rs567743","1","0"
"rs568557","0.0360316862182336","0"
"rs7033437","1","0"
"rs944343","1","0"
"rs62578091","1","1"
"9:129308907_CA_C","0.371093369522698","3"
"rs10739679","1","1"
"rs10819175","1","1"
"rs10819177","1","1"
"rs10819178","1","1"
"rs13301969","1","1"
"rs16929100","0.371093369522698","3"
"rs34596571","1","1"
"rs36067259","1","1"
"rs73588866","0.371093369522698","3"
"rs112961762","1","1"
"rs140131062","1","3"
"rs150499543","0.00247801366703003","0"
"rs35239656","0.371093369522698","3"
"rs543807480","0.371093369522698","0"
"rs58824245","1","1"
"rs7020013","1","1"
"rs79393463","0.371093369522698","0"
"rs9408984","0.422678074170635","1"
"rs9409309","0.422678074170635","1"
"9:140358556_C_T","0.00160409937816953","20"
"9:140358581_C_T","0.371093369522698","0"
"rs1244183","1","1"
"rs1269486","0.838360233838903","25"
"rs263419","1","1"
"rs403029","1","1"
"rs403350","1","1"
"rs4143094","1","1"
"rs417777","1","1"
"rs498490","1","1"
"rs513142","1","1"
"10:9317697_CTTA_C","1","1"
"rs10795704","1","1"
"rs150106441","1","1"
"rs17486892","1","1"
"rs11594910","1","1"
"rs4553272","0.812542234199352","20"
"rs141674730","1","0"
"rs190798444","1","1"
"rs757597598","0.104059234528928","1"
"rs10857463","1","0"
"rs10857464","1","0"
"rs11101148","1","0"
"rs117525685","1","0"
"rs11815415","1","0"
"rs12217467","1","0"
"rs183930361","1","0"
"rs2228527","1","0"
"rs2377965","1","0"
"rs35326339","1","0"
"rs3940160","1","0"
"rs4240506","1","0"
"rs4253077","1","0"
"rs4253192","1","2"
"rs4253215","1","0"
"rs568411179","1","0"
"rs7076173","1","0"
"rs74647330","1","3"
"rs77093089","1","0"
"rs7917738","0.833634883024682","20"
"rs10924099","0.371093369522698","0"
"rs150770378","1","1"
"rs41274050","0.371093369522698","3"
"rs1171814","1","0"
"rs2440907","1","0"
"rs149727843","0.422678074170635","1"
"rs1262217","0.422678074170635","1"
"rs4082330","1","1"
"rs117587258","1","1"
"rs1250597","1","1"
"rs1749849","1","1"
"rs1749850","1","1"
"rs1749851","1","1"
"rs188888833","1","1"
"rs4980020","1","1"
"rs5786388","1","1"
"rs77911174","1","1"
"rs9420589","0.0557665460839967","139"
"10:96026184_CA_C","1","1"
"rs10786156","1","1"
"rs11187838","1","1"
"rs12780240","1","1"
"rs2274224","0.422678074170635","1"
"rs3891783","1","1"
"rs4394764","0.422678074170635","1"
"rs57866767","1","1"
"rs10786419","1","1"
"rs11539873","1","0"
"rs12242431","1","1"
"rs12570544","1","1"
"rs144498020","1","1"
"rs145231210","1","1"
"rs148726635","1","0"
"rs17109662","1","1"
"rs41290482","1","1"
"rs41290488","1","0"
"rs540802307","1","1"
"rs56059631","1","0"
"rs58029646","1","0"
"rs634570","1","0"
"rs7073497","1","1"
"rs7075016","1","1"
"rs7098680","1","1"
"rs73333643","1","1"
"rs73333654","1","1"
"rs74154406","0.422678074170635","1"
"rs74154470","1","1"
"rs76542265","0.371093369522698","0"
"rs7903739","1","1"
"rs7921146","1","1"
"rs942812","1","1"
"10:104585887_CTTTTTTTTT_C","0.855132140584706","4"
"rs4917991","0.789268026134281","2"
"rs7092593","1","2"
"1:149779689_GA_G","0.371093369522698","0"
"1:149996474_CCTT_C","0.18144920772142","0"
"rs587702093","0.18144920772142","0"
"rs60450929","1","0"
"rs6682495","0.0355223366234146","0"
"rs67567469","2.46327247280148e-06","3"
"rs782706395","0.000722918618743243","0"
"rs12260008","1","0"
"rs2419886","0.18144920772142","0"
"rs7076906","1","0"
"rs7081720","0.0975125381781096","0"
"rs7098454","1","0"
"10:120973477_GTT_G","1","1"
"rs10736272","0.0934924836898357","2"
"rs10886424","1","1"
"rs11198827","1","1"
"rs546082321","1","1"
"rs6585539","1","1"
"rs10901828","1","3"
"rs6597856","0.583882420770365","7"
"rs71488631","0.789268026134281","4"
"rs10832042","1","0"
"rs11022795","0.371093369522698","0"
"rs11022796","1","0"
"rs12791391","1","1"
"rs150881151","1","0"
"rs4757167","1","1"
"rs4757169","1","1"
"rs532025910","0.371093369522698","0"
"rs5789789","1","1"
"rs143305491","1","0"
"rs146120631","0.371093369522698","0"
"rs307246","1","0"
"rs4643056","1","1"
"rs2785171","1","1"
"rs2785172","0.589638551626567","10"
"rs353625","1","1"
"rs353633","1.14173986300804e-06","8"
"rs353634","1","1"
"rs4756195","0.371093369522698","3"
"11:47691232_TA_T","0.371093369522698","0"
"rs10458914","1","0"
"rs11039387","0.371093369522698","0"
"rs11039406","1","0"
"rs11039409","1","0"
"rs538421016","0.371093369522698","0"
"rs543916900","0.371093369522698","0"
"rs574820692","1","0"
"rs7107356","4.02836574318478e-05","0"
"rs7121264","1","0"
"rs7131262","1","0"
"rs112900797","1","0"
"rs11579341","0.0141474038860215","0"
"rs12120867","1","0"
"rs12123044","1","0"
"rs140754090","1","0"
"rs11601764","1","0"
"rs139634573","1","0"
"rs34973455","1","0"
"rs747782","1","0"
"rs78393250","1","0"
"rs11039658","1","0"
"rs11039659","1","0"
"rs11039660","1","0"
"rs111605027","0.18144920772142","0"
"rs11500519","0.371093369522698","0"
"rs140945723","1","0"
"rs141971851","1","0"
"rs143248121","1","0"
"rs191130379","0.18144920772142","0"
"rs717896","1","0"
"rs10160596","0.0750477365274088","7"
"rs2298615","0.000352010105826634","168"
"rs10896373","0.280712665268496","3"
"rs2060982","0.059889878897487","130"
"rs4365062","0.18144920772142","0"
"rs4633480","0.18144920772142","0"
"rs117640087","0.416365677908165","4"
"rs3212892","1","1"
"rs3740644","1","1"
"rs4980662","1","1"
"rs7940215","1","1"
"rs10898815","0.371093369522698","0"
"rs10898820","0.100348246462291","0"
"rs10898822","0.0360316862182336","0"
"rs606799","0.0590582290905367","0"
"rs7115200","0.0500579654932533","25"
"rs116071834","1","1"
"rs1426925","1","1"
"rs150578048","1","1"
"rs302647","1","1"
"rs35998145","1","1"
"rs556279","1","1"
"rs7943882","1","0"
"rs981604","1","1"
"rs981605","1","1"
"rs11213251","1","1"
"rs11213253","1","1"
"rs765631108","1","1"
"rs7930843","1","1"
"1:150384623_CAA_C","0.0141474038860215","0"
"rs35689005","0.371093369522698","0"
"rs587614674","0.0222541248230991","0"
"rs72698868","1","0"
"rs779796127","0.100348246462291","0"
"11:116752672_GAATACA_G","1","0"
"11:116903390_CT_C","1","0"
"11:116927319_TC_T","1","0"
"rs113935159","1","0"
"rs1241550","1","0"
"rs140772203","1","0"
"rs141111492","0.371093369522698","0"
"rs17582203","1","0"
"rs34416738","1","0"
"rs34999185","1","0"
"rs509712","1","0"
"rs541586","1","0"
"rs551682324","1","0"
"rs59647391","1","0"
"rs73006533","1","0"
"rs73594141","1","0"
"rs73594158","1","0"
"rs73594164","1","0"
"rs77987367","0.0590582290905367","0"
"11:118914737_CT_C","0.10786563422555","69"
"rs12271856","0.0329693812442201","4"
"rs77398170","0.00372634439760833","48"
"11:119163083_CT_C","0.00796348920654999","1"
"rs112771035","0.371093369522698","0"
"rs59379014","1","0"
"rs73632745","0.183430618982178","8"
"rs766175824","1","0"
"rs7928577","1","0"
"rs10736553","1","0"
"rs5795517","1","0"
"rs6590226","1","0"
"rs6590227","1","0"
"rs7104110","1","0"
"rs4628683","1","1"
"rs7125393","1","0"
"rs2186832","1","1"
"rs2847381","1","1"
"rs2855790","1","1"
"rs2855799","0.361310428526179","2"
"rs3016774","1","1"
"rs11062924","1","0"
"rs115743600","1","0"
"rs117213754","0.371093369522698","0"
"rs189002657","0.371093369522698","0"
"rs73047391","1","0"
"rs7314557","1","0"
"rs78315192","1","0"
"rs115048780","1","0"
"rs115766888","0.371093369522698","0"
"rs116029970","0.371093369522698","0"
"rs12759867","1","0"
"rs185952653","1","0"
"rs76716397","1","0"
"rs79364905","1","0"
"1:150878099_TC_T","0.100348246462291","0"
"rs10888403","1","0"
"rs12070256","1","0"
"rs198325","0.371093369522698","0"
"rs267738","0.105645429201877","1"
"rs2864699","0.18144920772142","0"
"rs4421597","1","0"
"rs587605418","0.000253533878214163","1"
"rs67199650","1","0"
"rs7528275","1","0"
"rs7537292","1","0"
"rs77306500","1","0"
"rs11063069","1","0"
"rs11370360","1","0"
"rs3217792","0.422678074170635","1"
"rs4238013","1","0"
"rs117977526","0.0590582290905367","0"
"rs3217795","0.0342879679735918","1"
"rs71579224","0.100348246462291","0"
"12:12209967_ATATTT_A","1","1"
"rs117039945","1","1"
"rs117099781","1","1"
"rs117412388","1","1"
"12:12697566_TTTTG_T","1","0"
"12:12702152_CCT_C","0.042315274905714","3"
"rs35552389","1","0"
"rs4763297","0.0591720678258594","1"
"rs61913559","0.0144328239388418","3"
"rs73063459","1","0"
"rs12318598","1","0"
"rs12320328","1","0"
"rs74758151","1","0"
"rs75667995","0.000154758277000904","206"
"rs112689589","1","0"
"rs73107969","0.833935414088552","12"
"rs73107980","1","0"
"rs73107993","0.100348246462291","0"
"12:49024333_ATTATT_A","1","0"
"rs10783274","1","0"
"rs12299955","1","0"
"rs376406793","0.0975125381781096","0"
"rs61942047","1","0"
"rs7295138","1","0"
"rs7308932","1","0"
"rs78185745","0.00107847468078083","0"
"rs7974151","1","0"
"rs4759076","0.0220149344436729","28"
"rs6580981","0.41849223344682","4"
"12:57625003_CCCTT_C","0.0909314899181493","17"
"rs11589479","0.0112379304139373","4"
"rs2070803","0.00188934639228338","89"
"rs4971100","0.00640346035312159","6"
"rs4971101","0.371093369522698","0"
"12:58074074_CT_C","0.371093369522698","0"
"rs11172256","0.000847217995700242","3"
"rs117432567","1","0"
"rs774590059","0.0038049536085001","0"
"rs775248","0.003839800132425","0"
"rs12369944","1.24727227232834e-05","3"
"rs17465678","1","1"
"rs61926784","1","1"
"12:110799818_CT_C","0.0646056400183662","9"
"rs58356085","0.789268026134281","2"
"rs767251130","1","1"
"12:111911568_GA_G","0.789268026134281","2"
"rs540639423","0.00017084085568974","14"
"rs182350076","0.0754035628712634","3"
"rs552431601","0.422678074170635","1"
"rs9795634","1","0"
"1:155454734_AC_A","0.371093369522698","0"
"12:122679123_AAAAAG_A","0.0590582290905367","0"
"rs35318582","1","0"
"rs141541879","0.100348246462291","0"
"rs151128711","0.371093369522698","0"
"rs560049302","0.00804523748656169","1"
"12:123322554_CAGCACTGTGTGCTGTGGCAGG_C","0.00884877365399461","0"
"rs111269428","0.371093369522698","0"
"rs140538653","0.034006402864387","0"
"rs200899303","1","0"
"rs11057257","0.100348246462291","0"
"rs17884869","0.197466073358019","1"
"rs28377694","0.18144920772142","0"
"rs28675824","0.371093369522698","0"
"rs370987290","0.000482402936961704","0"
"rs73216997","0.0360316862182336","0"
"rs185685925","0.100348246462291","0"
"rs28715490","0.18144920772142","0"
"rs2249825","0.18144920772142","6"
"rs3742305","0.18144920772142","6"
"rs573849602","0.789268026134281","4"
"rs11411057","1","1"
"rs7993841","1","1"
"rs12134456","0.00507748505960832","1"
"13:72369319_GT_G","1","1"
"rs201742488","1","1"
"rs528413884","1","0"
"rs61956371","1","1"
"rs9572789","1","1"
"rs12583851","1","0"
"rs1577452","1","0"
"rs111550761","1","1"
"rs112255260","0.371093369522698","3"
"rs117303969","0.371093369522698","3"
"rs12855819","1","1"
"rs12877902","1","1"
"rs137877641","1","1"
"rs138834184","0.371093369522698","3"
"rs144972936","1","1"
"rs145095934","0.838463781922464","25"
"rs150276309","0.371093369522698","3"
"rs181603158","1","1"
"rs1927342","0.371093369522698","3"
"rs4283091","0.371093369522698","3"
"rs4486744","0.371093369522698","3"
"rs577579017","1","1"
"rs61963201","0.371093369522698","3"
"rs61963202","0.371093369522698","3"
"rs7318742","0.371093369522698","3"
"rs771114370","0.371093369522698","3"
"rs79625369","0.371093369522698","3"
"rs7990009","0.371093369522698","3"
"rs7991332","0.371093369522698","3"
"rs9559794","0.371093369522698","3"
"rs9583490","0.371093369522698","3"
"rs9588157","0.371093369522698","3"
"rs117405492","0.0975125381781096","0"
"rs1268403","1","0"
"rs12889546","1","1"
"rs141876303","1","0"
"rs28694613","0.371093369522698","0"
"rs61973220","0.371093369522698","0"
"rs6571851","0.371093369522698","0"
"rs7144796","0.833484004388959","9"
"rs72684776","0.371093369522698","0"
"rs869265027","0.371093369522698","0"
"rs9322989","0.100348246462291","0"
"rs11620783","1","1"
"rs11621792","0.0202398344142534","1"
"rs56359223","5.70789294752021e-05","0"
"rs117783723","1","1"
"rs118189385","1.1185621594135e-05","138"
"rs13379416","1","7"
"rs17718872","0.789268026134281","4"
"14:60557811_TA_T","0.554113130069446","10"
"14:60607665_GA_G","0.371093369522698","0"
"rs11158275","0.789268026134281","2"
"rs114514727","1","0"
"rs117443988","0.371093369522698","0"
"rs12586974","0.789268026134281","2"
"rs45612532","1","0"
"rs78723938","1","0"
"rs12147810","1","2"
"rs1952196","1","1"
"rs57856791","0.371093369522698","3"
"rs2110114","1","0"
"rs6575130","1","0"
"rs9806062","1","0"
"rs2182761","0.00100626658079062","105"
"rs7546838","0.0934924836898357","2"
"rs761047833","1","2"
"rs926103","1","2"
"14:92541500_GTTTTTTTTTT_G","1","2"
"rs10129512","1","1"
"rs10129607","1","1"
"rs10129703","1","1"
"rs10129874","0.422678074170635","1"
"rs10142528","0.422678074170635","1"
"rs11621328","1","0"
"rs12879062","0.0211461442265627","55"
"rs17127600","1","1"
"rs2008796","1","0"
"rs2402106","1","0"
"rs566899059","1","0"
"rs746917276","1","0"
"rs79089921","1","0"
"14:93572047_GT_G","0.414216178242525","1"
"rs11442406","1","1"
"rs1884542","1","0"
"rs2295395","1","0"
"rs2402225","1","0"
"rs57481308","1","1"
"rs8013584","1","0"
"rs941581","1","1"
"rs941583","0.173568166555922","0"
"rs11846959","1","1"
"rs1303","1","1"
"rs145602600","0.105645429201877","1"
"rs17090719","1","1"
"rs17580","1","1"
"rs2069974","0.100348246462291","0"
"rs2070709","1","1"
"rs2073333","1","1"
"rs2239651","0.789268026134281","2"
"rs2239652","1","1"
"rs28929474","1","1"
"rs6111","0.371093369522698","0"
"rs6113","0.371093369522698","0"
"rs6115","0.371093369522698","0"
"rs6118","0.371093369522698","0"
"rs6119","0.371093369522698","0"
"rs7158068","0.18144920772142","0"
"14:105987651_AG_A","1","0"
"rs11160870","1","0"
"rs12434433","1","0"
"rs12895633","1","0"
"rs143627527","0.351680682798553","8"
"rs28719751","1","0"
"rs56303777","1","0"
"rs57673039","1","0"
"rs57777452","1","0"
"rs58417880","1","0"
"rs59587486","1","0"
"rs61986375","1","0"
"rs74093831","1","0"
"rs75808564","0.0355223366234146","0"
"rs77307099","1","0"
"rs78376194","1","0"
"15:40331547_TCA_T","0.18144920772142","0"
"rs35056049","0.18144920772142","0"
"rs8041057","0.371093369522698","0"
"rs8208","0.18144920772142","0"
"rs184334219","0.0584752615656529","1"
"rs28364531","0.000272370915531171","7"
"rs34588821","0.789268026134281","4"
"rs771297649","0.0360316862182336","0"
"rs80339483","0.0590582290905367","0"
"15:43885528_AT_A","0.371093369522698","0"
"15:43971150_TATAC_T","1","1"
"rs143869999","1","0"
"rs201947946","0.371093369522698","0"
"rs2447216","0.789268026134281","2"
"rs28470226","1","0"
"rs28491813","1","0"
"rs34200260","0.371093369522698","0"
"rs495175","0.0759269629825577","3"
"rs55707100","1","2"
"rs570554225","0.0360316862182336","0"
"rs59206750","0.789268026134281","2"
"rs690604","0.371093369522698","0"
"rs778066942","1","0"
"rs78772481","1","1"
"15:44192815_TG_T","1","0"
"rs113446973","0.371093369522698","0"
"rs11858342","1","2"
"rs147818626","0.371093369522698","0"
"rs149964240","1","1"
"rs185564296","0.422678074170635","1"
"rs185572881","0.371093369522698","3"
"rs201660149","0.371093369522698","0"
"rs2788","0.583882420770365","3"
"rs35317709","0.371093369522698","0"
"rs3862142","0.280712665268496","3"
"rs544955246","0.371093369522698","0"
"rs560247","0.371093369522698","0"
"rs566555","0.371093369522698","0"
"rs59770554","0.18144920772142","0"
"rs7175032","0.100348246462291","0"
"rs144310047","0.18144920772142","0"
"15:44942822_TA_T","1","0"
"rs148770227","0.896040840009703","101"
"rs150070344","1","0"
"rs4273010","0.100348246462291","0"
"rs16962243","0.583882420770365","7"
"rs2413938","1","0"
"15:49837332_CTT_C","0.371093369522698","0"
"rs199533321","0.371093369522698","0"
"rs199714504","1","0"
"rs199739554","1","0"
"rs374200756","1","0"
"rs377041787","1","0"
"rs377205514","1","0"
"rs556212552","1","0"
"15:50882072_TGAGAACAAGTCTC_T","1","1"
"rs12912793","1","0"
"rs780868098","0.177529852412153","13"
"15:51203676_ATT_A","1","1"
"rs112503746","1","0"
"rs11636886","1","0"
"rs12595051","1","0"
"rs12898588","1","0"
"rs12899943","0.150785565027971","23"
"rs12902399","0.0331834311510942","98"
"rs12910301","1","0"
"rs12910613","0.371093369522698","0"
"rs140573881","1","0"
"rs28565448","1","0"
"rs34885055","1","0"
"rs530516737","1","0"
"rs549705149","1","0"
"rs7165492","0.371093369522698","0"
"rs75463892","1","0"
"rs78196407","1","0"
"rs8038437","1","0"
"rs12592697","1","1"
"rs2414095","1","1"
"rs2414097","1","1"
"rs28892005","1","1"
"rs4775935","1","1"
"rs7173595","1","1"
"15:60899031_GAAAT_G","1","1"
"rs113219244","1","1"
"rs339969","0.000197042266166628","188"
"1:196898004_ATCC_A","0.789268026134281","2"
"1:196919584_TTTTG_T","0.0898865224397838","2"
"rs443134","0.201242620957724","1"
"rs568515476","1","1"
"rs61818922","1","3"
"rs9427647","1","1"
"15:66610191_AAAAAG_A","0.422678074170635","1"
"rs112095287","1","2"
"rs11638268","1","2"
"rs4287513","1","1"
"rs74956204","0.583882420770365","7"
"rs78135660","0.361310428526179","8"
"rs79981875","0.789268026134281","4"
"rs36032443","0.18144920772142","6"
"rs7173355","1","2"
"15:78312056_CCT_C","1","1"
"rs10444863","0.150055695297694","23"
"rs12593545","1","1"
"rs16969422","1","1"
"rs4886989","1","1"
"rs4886992","1","1"
"rs56357772","1","1"
"rs872926","1","1"
"rs894301","1","1"
"rs11629846","1","1"
"rs11629876","1","1"
"rs2252024","1","0"
"rs11441919","1","1"
"rs41278174","0.855132140584706","4"
"16:47385853_CA_C","1","0"
"rs187482565","0.371093369522698","0"
"rs73547296","1","14"
"rs75881975","0.361310428526179","2"
"rs6500415","1","0"
"rs12922549","1","0"
"rs12935838","1","0"
"rs34682685","0.184858253798221","14"
"16:73014515_AC_A","1","0"
"rs11075955","1","0"
"rs147999738","1","0"
"rs1548373","1","0"
"rs1858800","0.0665457213437161","9"
"rs7500197","1","0"
"1:198994696_TA_T","1","0"
"rs1036332","1","0"
"rs1434282","0.397370201289167","23"
"rs7529925","1","0"
"rs1000454","1","1"
"rs11648925","1","1"
"rs12928588","1","2"
"rs35610022","1","1"
"rs796854919","0.371093369522698","3"
"rs8054061","1","2"
"rs12933677","0.944045425700092","17"
"rs4782568","0.292435594468536","10"
"rs67890964","1","1"
"rs12918968","0.371093369522698","0"
"rs540364308","1","1"
"rs7206699","0.0346105575157073","1"
"rs879627","1","1"
"rs879628","0.0346105575157073","1"
"16:89362277_GGATGT_G","0.100348246462291","0"
"rs3102347","0.100348246462291","0"
"16:89729649_CT_C","0.371093369522698","0"
"16:89815397_AAAC_A","0.371093369522698","0"
"rs10153084","1","0"
"rs10153210","1","0"
"rs112257423","0.371093369522698","0"
"rs112783727","0.371093369522698","0"
"rs11430488","1","0"
"rs116850253","0.00166169445798351","0"
"rs12929899","1","0"
"rs138888846","0.18144920772142","0"
"rs143871521","0.371093369522698","0"
"rs144012718","1","0"
"rs166297","0.371093369522698","0"
"rs187283","0.371093369522698","0"
"rs2074903","0.371093369522698","0"
"rs258330","0.371093369522698","0"
"rs34420644","0.371093369522698","0"
"rs5000708","0.371093369522698","0"
"rs5000709","0.371093369522698","0"
"rs530768255","1","0"
"rs535332020","1","0"
"rs536451280","0.371093369522698","0"
"rs60958597","1","0"
"rs62052181","1","0"
"rs62056096","0.18144920772142","0"
"rs774282886","0.0590582290905367","0"
"rs77646997","0.371093369522698","0"
"rs77963546","1","0"
"rs79441750","1","0"
"rs79541707","0.371093369522698","0"
"rs79788578","1","0"
"rs8059075","1","0"
"rs112706509","0.0360316862182336","0"
"rs117522064","0.371093369522698","0"
"rs1574525","1","0"
"rs542232539","0.371093369522698","0"
"rs57760491","0.18144920772142","0"
"rs62090014","1","0"
"rs62090046","1","0"
"rs11078597","0.00385729282994253","0"
"rs118103201","1","0"
"rs12453258","1","0"
"rs1317708","0.371093369522698","0"
"rs139206954","1","0"
"rs145245755","1","0"
"rs185204865","1","0"
"rs4989024","0.371093369522698","0"
"rs56106930","1","0"
"rs56300816","1","0"
"rs56679346","1","0"
"rs736060","0.100348246462291","0"
"rs75500393","1","0"
"rs77513353","0.371093369522698","0"
"rs8064934","0.0360316862182336","0"
"rs874424","0.0570332561940255","26"
"rs2131704","0.371093369522698","0"
"rs4790310","0.0590582290905367","0"
"rs9303241","0.0222541248230991","0"
"rs10852886","0.371093369522698","0"
"rs112394090","1","0"
"rs12451059","1","0"
"rs1509122","0.371093369522698","0"
"rs17804569","0.371093369522698","0"
"rs544139425","1","0"
"rs7222695","1","0"
"1:200258037_GA_G","1","0"
"rs10562730","1","0"
"rs114274112","1","0"
"rs12141508","1","0"
"rs4989975","0.422678074170635","5"
"rs6427815","1","0"
"rs6673000","1","0"
"rs72743014","1","0"
"rs72743018","1","0"
"rs72743021","1","0"
"rs74547203","1","1"
"rs7517753","1","0"
"rs75247983","1","0"
"rs7527464","1","0"
"rs76488637","0.18144920772142","0"
"rs796299326","1","0"
"rs940399","1","0"
"rs117663816","0.0103807295329326","0"
"rs150513132","0.371093369522698","0"
"rs218674","0.0567594463860135","0"
"rs218675","1","0"
"rs218676","1","0"
"rs536610254","1","0"
"rs7217317","1","0"
"rs73342502","1","0"
"rs74521214","1","0"
"rs76135761","1","0"
"rs906750","0.371093369522698","0"
"rs3744251","1.49748685641313e-05","44"
"rs55752997","1","0"
"rs55911533","0.296858872310764","54"
"rs76833657","1","0"
"rs117075956","0.0590582290905367","0"
"rs139649469","0.100348246462291","0"
"rs113803887","0.100348246462291","0"
"rs117130754","0.371093369522698","0"
"rs137955656","1","0"
"rs373278706","1","0"
"rs552716913","0.100348246462291","0"
"rs577480632","0.000852332883591632","3"
"rs5819641","1","0"
"rs6502647","0.0360316862182336","0"
"rs58904773","0.0355223366234146","21"
"rs11659003","0.371093369522698","0"
"rs192443063","1","0"
"rs2872189","1","0"
"rs372439695","1","0"
"rs540620841","1","0"
"rs56257093","1","0"
"rs59085142","1","0"
"rs62077529","0.000703362427995191","0"
"rs76874343","1","0"
"rs796453369","1","0"
"rs9906612","1","0"
"rs9916302","0.94411409557764","17"
"rs138960260","0.0355223366234146","0"
"rs144988674","0.0975125381781096","0"
"rs77090530","0.371093369522698","0"
"17:40292523_ATATATATATATTTTTTTTTTT_A","0.00796348920654999","1"
"rs112375200","0.371093369522698","0"
"rs145292412","0.371093369522698","0"
"rs149305337","1","0"
"rs56109160","1","0"
"rs9903304","0.0355223366234146","0"
"rs11404715","0.042315274905714","3"
"rs549896752","0.196882988874863","18"
"rs79139991","0.100348246462291","0"
"rs17712208","0.786457035137376","6"
"rs79687284","1","1"
"rs1477141","0.00113598196473126","574"
"rs3829577","1","2"
"rs58644669","0.34577858615116","0"
"rs68143572","1","1"
"rs9635741","1","3"
"rs9893526","1","1"
"rs1010269","1","1"
"rs11657044","1","1"
"rs9895661","1","0"
"rs11650533","1","0"
"rs11867297","0.361310428526179","2"
"rs11869735","1","0"
"rs12950543","1","0"
"rs12952992","1","0"
"rs2361954","1","1"
"rs3072826","0.201242620957724","1"
"rs33998125","1","0"
"rs112502880","1","1"
"rs11654867","1","1"
"rs11868097","1","0"
"rs143682883","1","1"
"rs146566862","1","1"
"rs17684420","0.371093369522698","0"
"rs185686954","0.583882420770365","3"
"rs185779313","1","1"
"rs187821048","1","1"
"rs190275805","1","1"
"rs199610513","1","0"
"rs34931250","1","0"
"rs369836185","0.371093369522698","3"
"rs373956850","0.371093369522698","3"
"rs528182725","1","1"
"rs534739667","1","0"
"rs573364585","1","1"
"rs72844573","0.371093369522698","0"
"rs72850819","1","1"
"rs75673167","0.371093369522698","3"
"rs77542162","0.280712665268496","3"
"rs9789083","1","0"
"rs573431210","0.371093369522698","0"
"rs77262773","0.371093369522698","0"
"17:73509280_GCCTA_G","0.0222541248230991","0"
"rs35148563","1","0"
"rs374597115","0.0975125381781096","0"
"rs3935439","0.371093369522698","0"
"rs4788893","1","0"
"rs4788895","0.371093369522698","0"
"rs7501873","1","0"
"rs8069700","0.371093369522698","0"
"rs11390161","0.422678074170635","1"
"rs12970007","1","1"
"rs17065796","0.371093369522698","3"
"rs4558500","0.583882420770365","3"
"rs4567839","0.371093369522698","3"
"rs6567093","0.371093369522698","3"
"rs689049","0.371093369522698","3"
"rs8092112","0.371093369522698","3"
"rs9948057","1","1"
"rs62098566","1","1"
"rs72941624","1","1"
"rs11672897","0.00385729282994253","0"
"rs2240128","0.371093369522698","0"
"rs2385543","0.0141474038860215","0"
"rs3803915","0.0141474038860215","0"
"rs7249577","0.371093369522698","0"
"rs7251881","0.371093369522698","0"
"rs7256735","0.00252617426850217","0"
"rs12726080","1","0"
"rs35187332","1","0"
"rs4654969","1","0"
"rs61781578","1","0"
"rs61781579","1","0"
"rs74058867","1","0"
"1:217134903_AT_A","1","1"
"rs6679735","1","1"
"rs6679745","1","1"
"rs11084994","1","0"
"rs11084997","1","0"
"rs11669932","1","0"
"rs11671289","1","0"
"rs12977764","1","0"
"rs12984592","1","0"
"rs1654674","0.00588927004181748","0"
"rs2041972","1","0"
"rs308032","1","0"
"rs35587941","1","1"
"rs35699176","0.0141474038860215","0"
"rs62125459","1","0"
"rs12975938","1","0"
"rs10408753","0.00909069801592506","0"
"rs10421059","0.371093369522698","0"
"rs11085015","1","0"
"rs11671556","1","0"
"rs12610084","0.371093369522698","0"
"rs12971613","0.00909069801592506","0"
"rs4807405","1","0"
"rs62127287","0.371093369522698","0"
"19:11518620_CCA_C","1","0"
"19:11520158_AAAAAC_A","9.82327806103062e-05","3"
"rs12463320","0.18144920772142","0"
"rs55670943","0.0106224212992163","2"
"rs10500209","0.0800579199844347","5"
"rs11085794","1","0"
"rs113622516","0.0142661867014469","0"
"rs62110838","0.0590582290905367","0"
"rs62110839","0.000248873174026592","75"
"rs10415758","1","0"
"rs10421262","1","0"
"rs7252372","0.00588927004181748","0"
"rs9749255","0.0143692894436029","3"
"19:19432290_AG_A","0.00419259258389319","2"
"rs12981974","0.00871925545288926","3"
"rs72999007","0.0142661867014469","0"
"rs73001065","1","1"
"19:19756073_AGCC_A","1","0"
"19:33887537_GC_G","0.0591720678258594","1"
"rs10405598","0.371093369522698","0"
"rs10415756","0.371093369522698","0"
"rs10418558","0.0591720678258594","1"
"rs34590608","0.371093369522698","0"
"rs3786900","0.371093369522698","0"
"19:35562398_GTGTGTC_G","0.00385729282994253","0"
"rs10406943","0.0590582290905367","0"
"rs1042328","1","0"
"rs1688029","0.00385729282994253","0"
"rs761087930","1","0"
"1:217443843_TA_T","1","1"
"rs11117777","1","1"
"rs11117828","1","1"
"rs11581612","1","1"
"rs11589117","1","1"
"rs113435950","0.00108155602458144","0"
"rs11881404","0.371093369522698","0"
"rs4805129","0.00909069801592506","0"
"rs4806173","5.45301076799461e-08","0"
"rs7599","0.18144920772142","0"
"rs111273438","0.0418105429765788","3"
"rs111546037","0.371093369522698","0"
"rs111762920","0.0975125381781096","0"
"rs192072533","0.0975125381781096","0"
"rs58595907","1","0"
"19:38250935_TCCTAGATTAACAACTTGTAGTACCAGAAAATAAGAAATGCTCA_T","0.371093369522698","0"
"19:38280430_TAA_T","1","0"
"rs111656406","0.0130983421877358","0"
"rs201066921","1","0"
"rs540341447","1","0"
"rs75382759","0.371093369522698","0"
"rs10404159","0.371093369522698","0"
"rs115117410","0.371093369522698","0"
"rs116882080","1","0"
"rs1725499","1","0"
"rs35496032","1","0"
"rs705494","0.371093369522698","0"
"rs705495","0.000229243976947554","3"
"rs7250409","0.371093369522698","0"
"rs7253827","0.0224942712224497","0"
"rs73041292","0.371093369522698","0"
"rs77349957","0.371093369522698","0"
"rs796538056","0.371093369522698","0"
"rs12982234","0.00169627235997648","2"
"rs2286474","0.0224942712224497","0"
"rs548975126","1","0"
"rs750252849","0.371093369522698","0"
"rs77914289","1","0"
"rs12460280","1","0"
"rs80248244","1","0"
"rs8112211","0.371093369522698","0"
"rs140063227","0.00251649656384151","0"
"rs57457466","0.00251649656384151","0"
"rs142385484","0.00333335402513658","3"
"rs201590783","0.00251649656384151","0"
"19:50028306_CCTGCTG_C","0.371093369522698","0"
"rs10419198","0.000310934316700751","28"
"rs111561142","0.371093369522698","0"
"rs117080418","0.371093369522698","0"
"rs12979927","0.00251649656384151","0"
"rs138827072","0.371093369522698","0"
"rs139174033","0.00251649656384151","0"
"rs150420714","1","1"
"rs4802615","0.371093369522698","0"
"rs12460935","0.371093369522698","0"
"rs12461353","0.371093369522698","0"
"rs12463208","0.00382235372713472","0"
"rs796474094","0.371093369522698","0"
"1:220039754_TG_T","1","1"
"rs11282751","0.371093369522698","3"
"rs1557130","0.580712162189025","7"
"rs3011","0.853923299287067","4"
"rs538071856","1","1"
"rs569363041","1","1"
"rs10423373","1","0"
"rs1106476","0.371093369522698","0"
"rs144234698","0.00236236408466571","6"
"rs147859411","0.371093369522698","0"
"rs181481353","1","0"
"rs186368800","0.0350149810196625","0"
"rs1868940","1","0"
"rs571507697","0.0222541248230991","0"
"rs73050865","1","0"
"rs872629","0.371093369522698","0"
"20:5530394_CAAA_C","1","1"
"20:5579140_TA_T","1","1"
"rs11087684","1","1"
"rs111311354","1","1"
"rs111447212","1","1"
"rs113639135","1","1"
"rs139757361","1","1"
"rs150390295","0.371093369522698","3"
"rs186888961","1","1"
"rs2064714","1","1"
"rs2423119","1","0"
"rs572227331","1","1"
"rs6038214","1","1"
"rs6107650","1","1"
"rs6116850","1","1"
"rs6116858","1","1"
"rs6133228","1","1"
"rs74982020","1","1"
"rs76814494","1","1"
"rs780955590","1","1"
"20:33383806_ATTT_A","1","1"
"rs2425002","1","1"
"rs60095211","0.197466073358019","1"
"rs6058111","0.787406490666269","6"
"rs6087624","1","1"
"rs6119516","1","1"
"rs6120736","1","1"
"rs2425431","1","0"
"rs2425433","1","0"
"rs3091842","0.0127724945502018","1"
"rs6029316","0.446059549370744","9"
"rs117268564","1","1"
"rs158522","1","1"
"rs158525","1","1"
"rs158526","1","1"
"rs158527","1","1"
"rs158528","1","1"
"rs158529","1","1"
"rs158552","1","0"
"rs158553","1","0"
"rs209969","1","1"
"rs2585444","1","1"
"rs2762943","1","0"
"rs35051736","1","1"
"rs35194449","1","0"
"rs6013892","0.00463382786624968","20"
"rs6013897","1","0"
"rs6097767","1","1"
"rs6123359","1","0"
"rs78767971","1","1"
"rs8121940","1","0"
"rs1012598","0.362873494576033","59"
"rs13051296","0.0237677019260113","42"
"rs2834503","0.371093369522698","0"
"rs35234878","0.371093369522698","0"
"rs35841162","0.371093369522698","0"
"rs8127401","0.371093369522698","0"
"rs928760","0.371093369522698","0"
"rs12626330","1","2"
"rs219782","1","2"
"rs59027502","1","1"
"rs7277076","1","2"
"rs2017188","1","14"
"rs28448295","1","0"
"rs530563480","1","1"
"rs5760491","0.789268026134281","2"
"rs5760492","0.361310428526179","8"
"rs743371","0.789268026134281","2"
"rs2807853","0.580712162189025","3"
"rs2807871","1","0"
"rs6660867","1","1"
"rs11704655","0.0590582290905367","0"
"rs1544432","1","0"
"rs7291756","0.0360316862182336","0"
"rs9614123","0.371093369522698","0"
"rs5749089","0.0413589104818944","7"
"rs5753103","0.18144920772142","0"
"rs5994293","0.00251649656384151","0"
"rs5997602","0.320255384944945","42"
"rs722298","0.789268026134281","2"
"rs9620970","1","0"
"rs17032","0.166835017469333","75"
"rs28640172","0.0120243836729149","84"
"rs28908470","0.18144920772142","0"
"rs5751350","1","0"
"rs5758895","0.0096052669663313","8"
"rs8184980","1","0"
"rs9611850","1","0"
"rs9623676","0.18144920772142","0"
"1:226569258_GA_G","1","0"
"rs10915994","1","0"
"rs118165556","1","0"
"rs200364836","1","0"
"rs2793383","1","0"
"rs28445628","1","0"
"rs3219110","1","0"
"rs3219112","1","0"
"rs34507832","0.371093369522698","0"
"rs6668722","0.201242620957724","1"
"rs6668851","1","1"
"rs6698490","1","0"
"rs7550686","1","0"
"rs780352164","1","0"
"1:226923146_GT_G","1","0"
"1:226924875_ACTGCCGCTG_A","0.0527870006322246","8"
"rs10495249","1","0"
"rs4653767","1","0"
"rs11681931","1","0"
"rs74561461","1","0"
"rs77412804","1","0"
"rs874878","1","0"
"rs10184715","0.371093369522698","0"
"rs112737414","1","0"
"rs13009358","0.0590582290905367","0"
"rs13027081","1","0"
"rs4073398","1","0"
"rs569002897","1","0"
"2:25540094_CT_C","0.371093369522698","3"
"rs6722613","0.371093369522698","3"
"rs7596024","0.18144920772142","6"
"1:21890264_TTGA_T","1","0"
"rs12132412","0.0590582290905367","0"
"rs16825590","1","0"
"rs55722102","0.000162233323480155","304"
"rs145717149","0.100348246462291","0"
"rs562746430","0.00201061130963176","0"
"rs75291407","0.18144920772142","0"
"rs78940216","0.371093369522698","0"
"rs112882369","0.18144920772142","0"
"rs184379948","1","0"
"rs4665972","0.10786563422555","22"
"rs1260326","0.0527870006322246","8"
"rs147681314","0.003839800132425","0"
"rs111700498","0.18144920772142","0"
"rs113127034","3.3609832933133e-07","184"
"rs113708133","0.371093369522698","0"
"rs186145178","0.371093369522698","0"
"rs111568610","0.371093369522698","0"
"rs2287108","0.422678074170635","1"
"2:37393568_CTCCT_C","0.0355223366234146","0"
"2:37760395_CAGAGAGAGAGAGAGAGAGAG_C","1","0"
"rs11124588","1","0"
"rs4450582","0.0189811540949829","51"
"rs4517954","1","0"
"rs182495294","1","0"
"rs538314072","0.371093369522698","0"
"rs10153704","1","1"
"rs10496031","1","1"
"rs149002133","1","1"
"rs150461019","1","1"
"rs62134669","1","1"
"rs62134703","1","1"
"rs62134711","1","1"
"rs6545412","1","1"
"rs6724374","1","1"
"rs72806636","0.29450739368011","30"
"rs72806659","1","1"
"rs7574873","1","1"
"rs76779669","1","1"
"rs774364757","1","1"
"rs1780316","1","0"
"rs1780329","1","0"
"rs1177233","1","0"
"rs137943656","1","1"
"rs148345629","1","1"
"rs200503513","1","1"
"rs58980134","0.361310428526179","8"
"rs72809431","0.371093369522698","3"
"rs75828145","1","0"
"rs79840988","1","0"
"rs1867838","1","1"
"rs529141667","1","1"
"rs72815549","1","1"
"rs7588814","1","2"
"rs771335070","1","1"
"rs11126226","0.371093369522698","0"
"rs4384823","0.18144920772142","6"
"rs72827693","0.371093369522698","0"
"2:89910118_GAAGTCTCACTCTATGAT_G","1","0"
"2:89910134_ATTGT_A","1","0"
"rs141052816","1","0"
"rs538109833","1","0"
"rs553701234","1","0"
"rs113028221","1","0"
"rs12992555","1","0"
"rs140288916","1","0"
"rs371476000","1","0"
"rs373051201","1","0"
"rs376051205","1","0"
"rs377155937","1","0"
"rs62143643","1","0"
"rs13391475","1","0"
"rs140648556","1","0"
"rs188184031","1","0"
"rs367622754","1","0"
"rs532905169","1","0"
"rs546201521","0.371093369522698","0"
"rs576021691","1","0"
"rs78256683","1","0"
"rs13010219","0.371093369522698","0"
"rs140069125","1","0"
"rs2010379","0.371093369522698","0"
"rs74740513","0.18144920772142","0"
"2:96051994_CTGAGGCCGAG_C","0.18144920772142","0"
"rs113996403","0.100348246462291","0"
"rs143977195","0.371093369522698","0"
"rs546690976","1","0"
"rs76765628","0.371093369522698","0"
"rs780350075","0.204084177765573","6"
"2:96396960_TG_T","1","0"
"rs111507197","1","0"
"rs199529480","1","0"
"rs59033856","1","0"
"rs748555352","1","0"
"rs749519159","1","0"
"2:96632084_AT_A","1","0"
"rs111809589","1","0"
"rs12621333","1","0"
"rs142519133","1","0"
"rs4907297","0.100348246462291","0"
"rs530762676","1","0"
"rs56229635","0.0590582290905367","0"
"rs6709448","0.371093369522698","0"
"rs6724270","0.371093369522698","0"
"rs746864936","1","0"
"rs76741791","1","0"
"2:97053953_TAGA_T","1","0"
"rs13006000","1","0"
"rs34367982","1","0"
"rs55768571","6.35471171396932e-07","39"
"rs62153910","0.0360316862182336","0"
"rs62153920","1","0"
"rs75879132","1","0"
"rs79163674","1","0"
"rs183743021","0.371093369522698","0"
"rs185441974","0.371093369522698","0"
"rs6576983","0.0579072654172973","0"
"rs6730773","0.371093369522698","0"
"2:97839642_GTAGT_G","0.371093369522698","0"
"rs182788754","0.0975125381781096","0"
"rs190784220","0.18144920772142","0"
"rs28432242","1","0"
"rs371805222","1","0"
"rs55788356","0.0579072654172973","0"
"rs75708852","0.0579072654172973","0"
"rs56397913","0.371093369522698","0"
"rs76157199","1","0"
"rs77817202","0.371093369522698","0"
"rs115636853","1","1"
"rs1448208","1","1"
"rs3828189","0.371093369522698","0"
"rs4848318","0.0215394524292968","0"
"rs4848320","0.371093369522698","0"
"rs902696","0.371093369522698","0"
"rs3121902","0.122545685726385","9"
"2:114493509_CT_C","1","0"
"rs1062074","0.371093369522698","0"
"rs11448220","1","0"
"rs13409879","0.241499668264675","99"
"rs139558209","1","0"
"rs28392566","1","0"
"rs35573387","1","0"
"rs36094493","1","0"
"rs58673639","1","0"
"rs62162395","0.371093369522698","0"
"rs75856629","1","0"
"rs77841658","1","0"
"rs72836805","0.00788217000476816","54"
"2:165597809_CAAAG_C","1","0"
"2:165614080_CCTCT_C","1","0"
"rs10566394","1","0"
"rs116782014","1","0"
"rs11902283","1","0"
"rs13395130","1","0"
"rs13432439","1","0"
"rs141018358","0.371093369522698","0"
"rs145987639","1","0"
"rs147547945","1","0"
"rs148307690","1","0"
"rs355911","1","0"
"rs355912","1","0"
"rs355915","1","0"
"rs369980015","1","0"
"rs374475798","1","0"
"rs386652280","1","0"
"rs401131","1","0"
"rs555113117","1","0"
"rs5835999","1","1"
"rs13396921","1","1"
"rs537031867","0.563317799720071","26"
"rs4853660","0.371093369522698","0"
"rs757504688","0.371093369522698","0"
"rs10182754","0.422678074170635","1"
"rs10193212","1","1"
"rs12613807","1","1"
"rs35095338","0.422678074170635","1"
"rs1047891","1","2"
"rs715","1","1"
"rs115546699","1","0"
"rs116637645","0.229793921245496","19"
"rs7559013","1","0"
"rs7605336","1","0"
"rs113971945","1","0"
"rs13423154","0.371093369522698","0"
"rs145218249","1","0"
"rs149686063","1","0"
"rs3771555","1","1"
"rs543408789","0.173568166555922","0"
"rs59916403","1","1"
"rs60624480","1","2"
"rs62193162","0.18144920772142","0"
"rs6437257","1","0"
"3:4538743_GTT_G","1","1"
"3:4544743_TG_T","1","1"
"rs12633680","1","1"
"rs13079371","1","1"
"rs144386577","1","1"
"rs147401903","1","1"
"rs35154162","1","1"
"rs10654084","1","1"
"rs10668243","1","1"
"rs13066557","1","1"
"rs17729477","1","1"
"3:12388908_CTTG_C","1","1"
"rs1801282","1","1"
"rs35854524","0.361310428526179","2"
"rs35939242","1","1"
"rs4684847","1","1"
"rs56133301","0.0420627333567661","3"
"rs9310400","0.18144920772142","0"
